name,,,,,,,,
Going Deep with David Rees S01E04 How to Flip a Coin 720p HDTV x264-DHD,,,,,,,,
HBO Documentaries The Newburgh Sting 720p HDTV x264-BATV,,,,,,,,
Trailer Park Boys S01E03 DVDRip XviD INTERNAL-TRAM,,,,,,,,
Duck Dynasty S05E04 BDRip x264-VoMiT,,,,,,,,
Community S05E08 DVDRip X264-REWARD,,,,,,,,
How to Make It in America S02E08 BDRip XviD-REWARD,,,,,,,,
Craig Ferguson 2014 07 21 Octavia Spencer HDTV x264-BATV,,,,,,,,
Spring Kitchen with Tom Kerridge S01E08 720p HDTV x264-C4TV,,,,,,,,
Backpackers S01E02 HDTV x264-2HD,,,,,,,,
No Limits S01E09 Hook Line and Gator HDTV x264-W4F,,,,,,,,
Off The Hook Extreme Catches S02E06 Aloh-AAHH HDTV x264-W4F,,,,,,,,
No Limits S01E10 Black and Bluefishing 720p HDTV x264-W4F,,,,,,,,
MythBusters S14E02 Household Disasters 1080i HDTV DD5 1 MPEG2-TrollHD,,,,,,,,
Martha Stewart's Cooking School S03E11 Potatoes 1080i HDTV DD2 0 MPEG2-TrollHD,,,,,,,,
The Colbert Report 2014 07 21 Nancy Pelosi 720p HDTV x264-BATV,,,,,,,,
24 S04E20 INTERNAL REPACK DVDRip x264-FFNDVD,,,,,,,,
Hit the Floor S02E09 720p HDTV x264-KILLERS,,,,,,,,
Fringe S04E23 DVDRip XviD-REWARD,,,,,,,,
Lizard Lick Towing S06E23 720p HDTV x264-DHD,,,,,,,,
Bbc Commonwealth City 3 Of 3 2014-UNKNOWN,,,,,,,,
Whose Line Is It Anyway US S10E16 720p HDTV x264-BAJSKORV,,,,,,,,
Under the Dome S02E04 720p HDTV X264-DIMENSION-RP,,,,,,,,
Mistresses US S02E08 720p HDTV X264-DIMENSION,,,,,,,,
Big Brother US S16E12 1080p WEB-DL AAC2 0 H 264-NTb,,,,,,,,
Royal Marines Commando School S01E02 HDTV x264-C4TV,,,,,,,,
How Safe Is Your House S01E03 HDTV x264-C4TV,,,,,,,,
Crossbones S01E06 Proper HDTV XviD-AFG,,,,,,,,
The Walking Dead S04E00 Inside the Walking Dead PROPER 720p HDTV x264-BATV,,,,,,,,
Ratatouille 3D 2007 COMPLETE BLURAY-PCH,,,,,,,,
The Wolf of Wall Street 2013 BDRip 720p AAC x264-electr1c,,,,,,,,
Fedora 2014 DvDRip XviD-LEGi0N,,,,,,,,
Need for Speed 2014 720p BluRay Dd5 1 x264-HIDT,,,,,,,,
The Four Poster 1952 VHSRip AVC-KS,,,,,,,,
Duel at Diablo 1966 1080p BluRay x264-CiNEFiLE,,,,,,,,
Chrysalis 2014 Hdrip XviD-Horrorspoke,,,,,,,,
Oculus 2014 WEBRip R5 XviD-UNKNOWN,,,,,,,,
Days of Glory 1944 DVDRIP XVID-KG,,,,,,,,
Death at a Funeral 2010 MULTISUBS PAL DVDR-DREAM,,,,,,,,
The Zero Theorem 2013 Limited Bdrip x264-AMIABLE,,,,,,,,
Monsters 2010 720 BluRay x264-NoGroup,,,,,,,,
The Lunchbox 2013 proper limited 720p BluRay x264-usury,,,,,,,,
Chemical Brothers Dont Think 2012 Blu-Ray 1080i AVC ReMuX DTS-HDMA 7 1-PriMeHD,,,,,,,,
Star Trek 2009 BluRay 720p x264-20,,,,,,,,
Star Trek First Contact 1996 720p Brrip x264-YIFY,,,,,,,,
The Piano 1993 BluRay x264 DTS-NoGroup,,,,,,,,
Shoot the DJ 2010 DVDRIP X264-TASTE,,,,,,,,
All Cheerleaders Die 2013 DVDRiP X264-TASTE,,,,,,,,
The Little Mermaid 1989 1080p BluRay DTS x264-DON,,,,,,,,
I WIll Follow You Down 2013 1080p BluRay x264-ROVERS,,,,,,,,
The King and I 1956 1080p BluRay X264-AMIABLE,,,,,,,,
[PM]Pocket Monsters XY 035 The Forest Champion! Enter Luchabull!![H264 720][52C4E97A],,,,,,,,
[yibis] One Piece 651 [720p][B4010546],,,,,,,,
[Ozc]Mobile Suit Gundam Wing Blu-Ray Box E48 'takeoff Into Confusion' [720p],,,,,,,,
Tokyo Ghoul-03 [1280X720][50Faea5C],,,,,,,,
Time Of Eve Blu-RAY,,,,,,,,
"Dragon Ball Kai - 114 - Countdown to Revival, Destroy Bobbidi's Ambitions! [Baaro][720p][F78482C8]",,,,,,,,
[CR] Sailor Moon - 022 [720p][0A1B448E],,,,,,,,
Fate Kaleid Liner Prisma Ilya 2Wei-02 [h264-720p][61Cc3E20],,,,,,,,
Lovestage!! 720p-UNKNOWN,,,,,,,,
[&] Himegoto-03 [720p][3A1A9E2B],,,,,,,,
The Irregular at Magic High School S01E16 720p WEBRip x264-ANiHLS,,,,,,,,
[Damedesuyo] Secret Princess Himegoto-03 1280X720 10Bit Aac [235Bdc73],,,,,,,,
[Vivid] Hanayamata - 03 [7BA8CBF1],,,,,,,,
Sword Art Online Ii-03 [8Bit][1280X720][Bc0590Bd],,,,,,,,
"Doraemon English Dub - 011 - Escape from Score Zero; Go to the Doctor, Doraemon! [ColdFusion][12EDE0AE]",,,,,,,,
[Doremi] Happiness Charge Precure 25 [848x480] [04E106F9],,,,,,,,
[HorribleSubs] Naruto Shippuuden - 197 [720p].mkv,,,,,,,,
[HorribleSubs] Nobunaga Concerto - 01 [1080p],,,,,,,,
[Kiteseekers] Atelier Escha & Logy-Alchemists Of The Dusk Sky [1280X720 h264 Hi10P Ogg],,,,,,,,
[BakeSubs-Diogo4D] Seirei Tsukai no Blade Dance 01 [B4560878],,,,,,,,
Majin Bone S01E15 720p WEBRip x264-ANiHLS,,,,,,,,
[Eclipse] Fullmetal Alchemist Brotherhood - 02 (1280x720 h264) [8452C4BF].mkv,,,,,,,,
[Shinsen-Subs] Armored Trooper Votoms - Pailsen Files - 01 [9E3F1D1C].avi,,,,,,,,
[Shinsen-Subs] Beet - 19 [24DAB497].avi,,,,,,,,
[AG-SHS]Victory_Gundam-03_DVD[FC6E3A6F].avi,,,,,,,,
[YuS-SHS]Gintama-88(H264)_[52CA4F8B].mp4,,,,,,,,
Captain Earth S01E15 WEBRip x264-ANiHLS,,,,,,,,
[HorribleSubs] Hunter X Hunter - 138 [1080p],,,,,,,,
The Pacific Part 1 720p BluRay X264-REWARD,,,,,,,,
The Pacific Pt VI HDTV XviD-XII,,,,,,,,